X,CH1,CH2,Start,Increment,P(Psi),V_int (cc)
Sequence,Volt,Volt,-2.50E+00,5.00E-03,8.5,11.73
0,3.20E-01,5.60E+00,,,,
1,-1.60E-01,5.20E+00,,,,
2,3.20E-01,5.20E+00,,,,
3,-8.00E-02,5.60E+00,,,,
4,-8.00E-02,5.60E+00,,,,
5,3.20E-01,5.00E+00,,,,
6,-8.00E-02,5.60E+00,,,,
7,3.20E-01,5.00E+00,,,,
8,-8.00E-02,5.60E+00,,,,
9,3.20E-01,5.00E+00,,,,
10,-1.60E-01,5.60E+00,,,,
11,3.20E-01,5.00E+00,,,,
12,-8.00E-02,5.60E+00,,,,
13,2.40E-01,5.00E+00,,,,
14,-8.00E-02,5.00E+00,,,,
15,3.20E-01,5.60E+00,,,,
16,-8.00E-02,5.60E+00,,,,
17,2.40E-01,5.00E+00,,,,
18,2.40E-01,5.00E+00,,,,
19,-1.60E-01,5.60E+00,,,,
20,-8.00E-02,5.60E+00,,,,
21,3.20E-01,5.20E+00,,,,
22,-8.00E-02,5.20E+00,,,,
23,2.40E-01,5.60E+00,,,,
24,2.40E-01,5.20E+00,,,,
25,-8.00E-02,5.80E+00,,,,
26,-8.00E-02,5.60E+00,,,,
27,2.40E-01,5.20E+00,,,,
28,-8.00E-02,5.60E+00,,,,
29,3.20E-01,5.00E+00,,,,
30,2.40E-01,5.20E+00,,,,
31,-8.00E-02,5.60E+00,,,,
32,2.40E-01,5.60E+00,,,,
33,-8.00E-02,5.00E+00,,,,
34,-8.00E-02,5.60E+00,,,,
35,2.40E-01,5.00E+00,,,,
36,-8.00E-02,5.60E+00,,,,
37,3.20E-01,5.00E+00,,,,
38,2.40E-01,5.60E+00,,,,
39,-8.00E-02,5.00E+00,,,,
40,2.40E-01,5.80E+00,,,,
41,-1.60E-01,5.20E+00,,,,
42,2.40E-01,5.60E+00,,,,
43,-8.00E-02,5.20E+00,,,,
44,2.40E-01,5.60E+00,,,,
45,-8.00E-02,5.00E+00,,,,
46,2.40E-01,5.20E+00,,,,
47,-1.60E-01,5.60E+00,,,,
48,-8.00E-02,5.60E+00,,,,
49,2.40E-01,5.00E+00,,,,
50,2.40E-01,5.60E+00,,,,
51,-8.00E-02,5.00E+00,,,,
52,2.40E-01,5.60E+00,,,,
53,-8.00E-02,5.00E+00,,,,
54,3.20E-01,5.60E+00,,,,
55,-1.60E-01,5.20E+00,,,,
56,2.40E-01,5.60E+00,,,,
57,-8.00E-02,5.00E+00,,,,
58,2.40E-01,5.60E+00,,,,
59,-8.00E-02,5.20E+00,,,,
60,-8.00E-02,5.60E+00,,,,
61,2.40E-01,5.00E+00,,,,
62,-8.00E-02,5.60E+00,,,,
63,2.40E-01,5.00E+00,,,,
64,-8.00E-02,5.60E+00,,,,
65,3.20E-01,5.00E+00,,,,
66,-8.00E-02,5.00E+00,,,,
67,3.20E-01,5.80E+00,,,,
68,-8.00E-02,5.60E+00,,,,
69,3.20E-01,5.20E+00,,,,
70,-8.00E-02,5.20E+00,,,,
71,2.40E-01,5.60E+00,,,,
72,-8.00E-02,5.20E+00,,,,
73,3.20E-01,5.60E+00,,,,
74,3.20E-01,5.20E+00,,,,
75,-8.00E-02,5.60E+00,,,,
76,2.40E-01,5.20E+00,,,,
77,-8.00E-02,5.60E+00,,,,
78,2.40E-01,5.60E+00,,,,
79,-8.00E-02,5.00E+00,,,,
80,2.40E-01,5.60E+00,,,,
81,-8.00E-02,5.00E+00,,,,
82,2.40E-01,5.00E+00,,,,
83,-8.00E-02,5.60E+00,,,,
84,2.40E-01,5.60E+00,,,,
85,-8.00E-02,5.20E+00,,,,
86,2.40E-01,5.60E+00,,,,
87,-8.00E-02,5.00E+00,,,,
88,-8.00E-02,5.60E+00,,,,
89,3.20E-01,5.00E+00,,,,
90,-8.00E-02,5.60E+00,,,,
91,3.20E-01,5.00E+00,,,,
92,-1.60E-01,5.20E+00,,,,
93,3.20E-01,5.60E+00,,,,
94,2.40E-01,5.60E+00,,,,
95,-8.00E-02,5.00E+00,,,,
96,-8.00E-02,5.60E+00,,,,
97,2.40E-01,5.00E+00,,,,
98,-1.60E-01,5.60E+00,,,,
99,3.20E-01,5.20E+00,,,,
100,-8.00E-02,5.60E+00,,,,
101,3.20E-01,5.20E+00,,,,
102,2.40E-01,5.20E+00,,,,
103,-8.00E-02,5.60E+00,,,,
104,3.20E-01,5.60E+00,,,,
105,-8.00E-02,5.20E+00,,,,
106,-8.00E-02,5.60E+00,,,,
107,2.40E-01,5.00E+00,,,,
108,3.20E-01,5.60E+00,,,,
109,-1.60E-01,5.00E+00,,,,
110,3.20E-01,5.20E+00,,,,
111,-8.00E-02,5.60E+00,,,,
112,-8.00E-02,5.60E+00,,,,
113,2.40E-01,5.00E+00,,,,
114,-8.00E-02,5.60E+00,,,,
115,2.40E-01,5.00E+00,,,,
116,2.40E-01,5.60E+00,,,,
117,-8.00E-02,5.00E+00,,,,
118,3.20E-01,5.60E+00,,,,
119,-1.60E-01,5.00E+00,,,,
120,-8.00E-02,5.20E+00,,,,
121,3.20E-01,5.60E+00,,,,
122,-8.00E-02,5.60E+00,,,,
123,3.20E-01,5.20E+00,,,,
124,-8.00E-02,5.00E+00,,,,
125,2.40E-01,5.80E+00,,,,
126,-8.00E-02,5.60E+00,,,,
127,3.20E-01,5.00E+00,,,,
128,2.40E-01,5.60E+00,,,,
129,-8.00E-02,5.20E+00,,,,
130,2.40E-01,5.60E+00,,,,
131,-8.00E-02,5.00E+00,,,,
132,2.40E-01,5.60E+00,,,,
133,-8.00E-02,5.20E+00,,,,
134,2.40E-01,5.60E+00,,,,
135,-8.00E-02,5.00E+00,,,,
136,2.40E-01,5.60E+00,,,,
137,-8.00E-02,5.00E+00,,,,
138,2.40E-01,5.60E+00,,,,
139,-8.00E-02,5.00E+00,,,,
140,-8.00E-02,5.60E+00,,,,
141,3.20E-01,5.00E+00,,,,
142,-1.60E-01,5.00E+00,,,,
143,3.20E-01,5.80E+00,,,,
144,-8.00E-02,5.60E+00,,,,
145,2.40E-01,5.00E+00,,,,
146,-8.00E-02,5.60E+00,,,,
147,3.20E-01,5.00E+00,,,,
148,-8.00E-02,5.60E+00,,,,
149,3.20E-01,5.20E+00,,,,
150,3.20E-01,5.60E+00,,,,
151,-8.00E-02,5.00E+00,,,,
152,-8.00E-02,5.60E+00,,,,
153,2.40E-01,5.00E+00,,,,
154,-8.00E-02,5.60E+00,,,,
155,2.40E-01,5.00E+00,,,,
156,-8.00E-02,5.60E+00,,,,
157,3.20E-01,5.00E+00,,,,
158,-8.00E-02,5.60E+00,,,,
159,3.20E-01,5.20E+00,,,,
160,3.20E-01,5.20E+00,,,,
161,-1.60E-01,5.60E+00,,,,
162,-8.00E-02,5.20E+00,,,,
163,3.20E-01,5.60E+00,,,,
164,-8.00E-02,5.80E+00,,,,
165,3.20E-01,5.20E+00,,,,
166,3.20E-01,5.60E+00,,,,
167,-8.00E-02,5.20E+00,,,,
168,2.40E-01,5.60E+00,,,,
169,-8.00E-02,5.20E+00,,,,
170,-8.00E-02,5.60E+00,,,,
171,3.20E-01,5.00E+00,,,,
172,2.40E-01,5.00E+00,,,,
173,-1.60E-01,5.60E+00,,,,
174,2.40E-01,5.00E+00,,,,
175,-8.00E-02,5.60E+00,,,,
176,-8.00E-02,5.60E+00,,,,
177,3.20E-01,5.00E+00,,,,
178,2.40E-01,5.60E+00,,,,
179,-1.60E-01,5.00E+00,,,,
180,-1.60E-01,5.60E+00,,,,
181,3.20E-01,5.20E+00,,,,
182,-8.00E-02,5.60E+00,,,,
183,3.20E-01,5.20E+00,,,,
184,2.40E-01,5.60E+00,,,,
185,-8.00E-02,5.00E+00,,,,
186,-8.00E-02,5.60E+00,,,,
187,2.40E-01,5.00E+00,,,,
188,-8.00E-02,5.00E+00,,,,
189,2.40E-01,5.60E+00,,,,
190,-8.00E-02,5.00E+00,,,,
191,3.20E-01,5.80E+00,,,,
192,-8.00E-02,5.60E+00,,,,
193,3.20E-01,5.00E+00,,,,
194,2.40E-01,5.60E+00,,,,
195,-1.60E-01,5.00E+00,,,,
196,-9.60E-01,3.40E+00,,,,
197,1.68E+00,6.60E+00,,,,
198,1.52E+00,3.80E+00,,,,
199,-1.20E+00,6.20E+00,,,,
200,1.44E+00,6.20E+00,,,,
201,-1.04E+00,4.20E+00,,,,
202,-1.36E+00,3.80E+00,,,,
203,1.36E+00,6.60E+00,,,,
204,-1.12E+00,4.40E+00,,,,
205,1.44E+00,6.20E+00,,,,
206,-1.12E+00,6.20E+00,,,,
207,1.04E+00,4.20E+00,,,,
208,1.20E+00,6.00E+00,,,,
209,-1.28E+00,4.20E+00,,,,
210,1.12E+00,6.00E+00,,,,
211,-9.60E-01,4.60E+00,,,,
212,-9.60E-01,6.00E+00,,,,
213,1.36E+00,4.40E+00,,,,
214,-8.00E-01,4.40E+00,,,,
215,1.12E+00,6.20E+00,,,,
216,8.80E-01,6.20E+00,,,,
217,-8.00E-01,4.20E+00,,,,
218,-7.20E-01,6.20E+00,,,,
219,8.00E-01,4.40E+00,,,,
220,1.20E+00,6.20E+00,,,,
221,-5.60E-01,4.20E+00,,,,
222,-8.00E-01,6.20E+00,,,,
223,1.12E+00,4.40E+00,,,,
224,1.12E+00,6.20E+00,,,,
225,-1.04E+00,4.00E+00,,,,
226,1.12E+00,6.20E+00,,,,
227,-8.80E-01,4.40E+00,,,,
228,-1.12E+00,4.00E+00,,,,
229,1.04E+00,6.00E+00,,,,
230,1.20E+00,4.20E+00,,,,
231,-9.60E-01,6.20E+00,,,,
232,-1.12E+00,4.20E+00,,,,
233,1.20E+00,6.20E+00,,,,
234,-1.04E+00,6.20E+00,,,,
235,1.36E+00,4.60E+00,,,,
236,-1.12E+00,4.60E+00,,,,
237,1.04E+00,6.20E+00,,,,
238,1.20E+00,6.20E+00,,,,
239,-1.04E+00,4.60E+00,,,,
240,-8.80E-01,6.20E+00,,,,
241,1.12E+00,4.40E+00,,,,
242,1.20E+00,4.40E+00,,,,
243,-1.12E+00,6.20E+00,,,,
244,1.12E+00,6.20E+00,,,,
245,-8.80E-01,4.40E+00,,,,
246,1.12E+00,4.20E+00,,,,
247,-8.80E-01,6.20E+00,,,,
248,1.20E+00,4.00E+00,,,,
249,-1.12E+00,6.20E+00,,,,
250,-1.04E+00,4.60E+00,,,,
251,1.04E+00,6.20E+00,,,,
252,-1.12E+00,6.00E+00,,,,
253,8.00E-01,4.40E+00,,,,
254,-9.60E-01,4.60E+00,,,,
255,1.12E+00,6.40E+00,,,,
256,-9.60E-01,4.40E+00,,,,
257,1.04E+00,6.20E+00,,,,
258,1.28E+00,6.20E+00,,,,
259,-1.12E+00,4.40E+00,,,,
260,1.12E+00,4.80E+00,,,,
261,-9.60E-01,6.40E+00,,,,
262,-9.60E-01,4.60E+00,,,,
263,1.28E+00,6.40E+00,,,,
264,-7.20E-01,4.80E+00,,,,
265,1.12E+00,6.60E+00,,,,
266,9.60E-01,4.60E+00,,,,
267,-7.20E-01,6.60E+00,,,,
268,-8.00E-01,6.20E+00,,,,
269,1.28E+00,4.60E+00,,,,
270,1.12E+00,4.80E+00,,,,
271,-1.12E+00,6.60E+00,,,,
272,1.04E+00,6.40E+00,,,,
273,-9.60E-01,5.00E+00,,,,
274,1.04E+00,6.40E+00,,,,
275,-1.20E+00,4.80E+00,,,,
276,1.04E+00,4.80E+00,,,,
277,-9.60E-01,6.60E+00,,,,
278,-9.60E-01,6.40E+00,,,,
279,1.20E+00,4.60E+00,,,,
280,-1.12E+00,4.60E+00,,,,
281,1.04E+00,6.60E+00,,,,
282,1.20E+00,6.60E+00,,,,
283,-9.60E-01,4.60E+00,,,,
284,1.04E+00,4.60E+00,,,,
285,-1.12E+00,6.80E+00,,,,
286,-9.60E-01,6.60E+00,,,,
287,1.12E+00,4.60E+00,,,,
288,-6.40E-01,6.60E+00,,,,
289,1.20E+00,4.80E+00,,,,
290,-9.60E-01,6.60E+00,,,,
291,1.20E+00,4.80E+00,,,,
292,-1.20E+00,6.40E+00,,,,
293,9.60E-01,4.60E+00,,,,
294,9.60E-01,6.60E+00,,,,
295,-8.00E-01,5.00E+00,,,,
296,1.12E+00,4.80E+00,,,,
297,-1.20E+00,6.60E+00,,,,
298,1.20E+00,6.80E+00,,,,
299,-9.60E-01,5.20E+00,,,,
300,9.60E-01,4.80E+00,,,,
301,-1.20E+00,7.00E+00,,,,
302,1.12E+00,4.80E+00,,,,
303,-1.04E+00,6.80E+00,,,,
304,1.04E+00,7.00E+00,,,,
305,-9.60E-01,5.20E+00,,,,
306,1.04E+00,6.80E+00,,,,
307,-9.60E-01,4.80E+00,,,,
308,1.20E+00,5.20E+00,,,,
309,-6.40E-01,6.80E+00,,,,
310,-1.04E+00,6.80E+00,,,,
311,1.04E+00,5.20E+00,,,,
312,1.20E+00,6.80E+00,,,,
313,-9.60E-01,5.20E+00,,,,
314,-1.20E+00,6.80E+00,,,,
315,8.80E-01,4.80E+00,,,,
316,-9.60E-01,7.00E+00,,,,
317,1.20E+00,4.80E+00,,,,
318,-1.04E+00,7.20E+00,,,,
319,1.28E+00,5.00E+00,,,,
320,-8.80E-01,7.00E+00,,,,
321,1.12E+00,5.20E+00,,,,
322,-1.28E+00,7.00E+00,,,,
323,1.28E+00,5.00E+00,,,,
324,-1.04E+00,7.20E+00,,,,
325,1.12E+00,5.20E+00,,,,
326,9.60E-01,5.20E+00,,,,
327,-1.04E+00,7.20E+00,,,,
328,-1.04E+00,5.20E+00,,,,
329,1.04E+00,7.20E+00,,,,
330,-1.04E+00,7.00E+00,,,,
331,1.20E+00,5.40E+00,,,,
332,1.20E+00,5.40E+00,,,,
333,-1.04E+00,7.20E+00,,,,
334,1.36E+00,7.00E+00,,,,
335,-1.04E+00,5.40E+00,,,,
336,9.60E-01,5.40E+00,,,,
337,-9.60E-01,7.20E+00,,,,
338,-1.20E+00,5.20E+00,,,,
339,1.28E+00,7.40E+00,,,,
340,-8.80E-01,7.40E+00,,,,
341,1.36E+00,5.40E+00,,,,
342,1.12E+00,7.20E+00,,,,
343,-9.60E-01,5.20E+00,,,,
344,-8.00E-01,7.40E+00,,,,
345,1.44E+00,5.60E+00,,,,
346,-1.20E+00,5.00E+00,,,,
347,9.60E-01,7.40E+00,,,,
348,-1.04E+00,5.40E+00,,,,
349,1.20E+00,7.40E+00,,,,
350,1.12E+00,7.20E+00,,,,
351,-1.20E+00,5.40E+00,,,,
352,1.12E+00,5.40E+00,,,,
353,-9.60E-01,7.40E+00,,,,
354,-1.12E+00,5.20E+00,,,,
355,1.36E+00,7.60E+00,,,,
356,1.04E+00,7.40E+00,,,,
357,-1.04E+00,5.20E+00,,,,
358,-1.20E+00,7.40E+00,,,,
359,1.12E+00,5.20E+00,,,,
360,-6.40E-01,7.20E+00,,,,
361,1.12E+00,5.40E+00,,,,
362,-8.00E-01,5.60E+00,,,,
363,1.12E+00,7.80E+00,,,,
364,1.36E+00,5.40E+00,,,,
365,-1.28E+00,7.60E+00,,,,
366,9.60E-01,7.60E+00,,,,
367,-9.60E-01,5.60E+00,,,,
368,9.60E-01,7.40E+00,,,,
369,-1.12E+00,5.40E+00,,,,
370,1.20E+00,7.40E+00,,,,
371,-9.60E-01,5.60E+00,,,,
372,-1.20E+00,7.60E+00,,,,
373,1.04E+00,5.60E+00,,,,
374,-6.40E-01,5.40E+00,,,,
375,1.28E+00,7.60E+00,,,,
376,1.12E+00,5.80E+00,,,,
377,-8.00E-01,8.00E+00,,,,
378,-8.80E-01,5.80E+00,,,,
379,1.04E+00,7.80E+00,,,,
380,-9.60E-01,7.80E+00,,,,
381,1.28E+00,5.80E+00,,,,
382,1.36E+00,7.80E+00,,,,
383,-8.80E-01,6.00E+00,,,,
384,-1.04E+00,5.40E+00,,,,
385,1.44E+00,7.80E+00,,,,
386,-1.28E+00,5.60E+00,,,,
387,9.60E-01,7.80E+00,,,,
388,1.12E+00,8.00E+00,,,,
389,-1.04E+00,6.00E+00,,,,
390,1.36E+00,7.80E+00,,,,
391,-9.60E-01,5.80E+00,,,,
392,-1.04E+00,6.00E+00,,,,
393,1.28E+00,7.80E+00,,,,
394,9.60E-01,7.80E+00,,,,
395,-1.20E+00,6.20E+00,,,,
396,9.60E-01,6.00E+00,,,,
397,-1.04E+00,8.00E+00,,,,
398,1.36E+00,7.80E+00,,,,
399,-1.44E+00,5.80E+00,,,,
400,-1.12E+00,8.00E+00,,,,
401,1.28E+00,6.00E+00,,,,
402,1.04E+00,8.00E+00,,,,
403,-8.80E-01,6.00E+00,,,,
404,1.36E+00,5.80E+00,,,,
405,-8.80E-01,8.20E+00,,,,
406,1.04E+00,6.00E+00,,,,
407,-1.12E+00,7.80E+00,,,,
408,-9.60E-01,8.00E+00,,,,
409,1.36E+00,6.00E+00,,,,
410,-1.12E+00,5.60E+00,,,,
411,1.12E+00,7.80E+00,,,,
412,1.28E+00,8.00E+00,,,,
413,-8.00E-01,5.80E+00,,,,
414,-1.28E+00,8.20E+00,,,,
415,1.36E+00,6.20E+00,,,,
416,-1.04E+00,6.20E+00,,,,
417,1.20E+00,8.00E+00,,,,
418,9.60E-01,6.00E+00,,,,
419,-7.20E-01,8.40E+00,,,,
420,-8.80E-01,8.20E+00,,,,
421,1.04E+00,6.40E+00,,,,
422,1.04E+00,6.40E+00,,,,
423,-9.60E-01,8.40E+00,,,,
424,9.60E-01,8.20E+00,,,,
425,-1.12E+00,6.20E+00,,,,
426,-1.04E+00,8.20E+00,,,,
427,1.36E+00,5.80E+00,,,,
428,-1.20E+00,6.20E+00,,,,
429,1.28E+00,8.40E+00,,,,
430,-1.04E+00,6.20E+00,,,,
431,9.60E-01,8.40E+00,,,,
432,-7.20E-01,6.40E+00,,,,
433,1.12E+00,8.20E+00,,,,
434,-1.04E+00,6.40E+00,,,,
435,1.12E+00,8.40E+00,,,,
436,-9.60E-01,6.20E+00,,,,
437,1.12E+00,8.40E+00,,,,
438,1.04E+00,6.60E+00,,,,
439,-1.20E+00,8.20E+00,,,,
440,1.28E+00,8.20E+00,,,,
441,-6.40E-01,6.20E+00,,,,
442,-1.12E+00,6.60E+00,,,,
443,1.12E+00,8.60E+00,,,,
444,-9.60E-01,6.60E+00,,,,
445,1.04E+00,8.40E+00,,,,
446,1.12E+00,6.00E+00,,,,
447,-1.12E+00,8.60E+00,,,,
448,-1.12E+00,6.40E+00,,,,
449,9.60E-01,8.40E+00,,,,
450,-1.20E+00,8.60E+00,,,,
451,1.04E+00,6.20E+00,,,,
452,1.04E+00,6.60E+00,,,,
453,-8.00E-01,8.60E+00,,,,
454,-8.00E-01,8.60E+00,,,,
455,1.36E+00,6.80E+00,,,,
456,1.28E+00,6.80E+00,,,,
457,-1.20E+00,8.40E+00,,,,
458,-5.60E-01,6.80E+00,,,,
459,1.04E+00,8.60E+00,,,,
460,-1.04E+00,6.60E+00,,,,
461,1.36E+00,8.80E+00,,,,
462,-9.60E-01,8.60E+00,,,,
463,1.12E+00,6.40E+00,,,,
464,-1.12E+00,6.80E+00,,,,
465,1.28E+00,8.60E+00,,,,
466,1.04E+00,6.60E+00,,,,
467,-9.60E-01,8.60E+00,,,,
468,-1.04E+00,8.60E+00,,,,
469,8.80E-01,6.80E+00,,,,
470,-8.80E-01,6.40E+00,,,,
471,1.36E+00,8.60E+00,,,,
472,-1.12E+00,6.60E+00,,,,
473,1.20E+00,8.60E+00,,,,
474,1.12E+00,6.40E+00,,,,
475,-1.04E+00,8.80E+00,,,,
476,1.12E+00,6.60E+00,,,,
477,-1.28E+00,8.60E+00,,,,
478,8.80E-01,8.60E+00,,,,
479,-9.60E-01,7.20E+00,,,,
480,1.04E+00,8.60E+00,,,,
481,-9.60E-01,7.00E+00,,,,
482,9.60E-01,7.00E+00,,,,
483,-9.60E-01,8.80E+00,,,,
484,-1.12E+00,8.80E+00,,,,
485,1.04E+00,6.80E+00,,,,
486,-8.80E-01,6.60E+00,,,,
487,1.04E+00,9.00E+00,,,,
488,9.60E-01,8.80E+00,,,,
489,-8.80E-01,6.80E+00,,,,
490,1.12E+00,7.00E+00,,,,
491,-1.12E+00,9.00E+00,,,,
492,-1.12E+00,6.80E+00,,,,
493,9.60E-01,9.00E+00,,,,
494,1.28E+00,8.80E+00,,,,
495,-1.36E+00,6.60E+00,,,,
496,-1.28E+00,9.00E+00,,,,
497,1.20E+00,7.00E+00,,,,
498,1.28E+00,9.00E+00,,,,
499,-1.04E+00,6.80E+00,,,,
500,-9.60E-01,8.80E+00,,,,
501,7.20E-01,7.20E+00,,,,
502,1.28E+00,9.00E+00,,,,
503,-1.36E+00,7.00E+00,,,,
504,9.60E-01,6.80E+00,,,,
505,-1.44E+00,9.00E+00,,,,
506,1.20E+00,7.00E+00,,,,
507,-1.04E+00,9.20E+00,,,,
508,9.60E-01,9.00E+00,,,,
509,-1.20E+00,6.60E+00,,,,
510,8.80E-01,9.00E+00,,,,
511,-9.60E-01,6.60E+00,,,,
512,1.20E+00,7.00E+00,,,,
513,-1.12E+00,9.00E+00,,,,
514,-1.36E+00,6.80E+00,,,,
515,9.60E-01,9.20E+00,,,,
516,-8.80E-01,9.00E+00,,,,
517,8.80E-01,7.00E+00,,,,
518,1.12E+00,9.00E+00,,,,
519,-9.60E-01,7.20E+00,,,,
520,9.60E-01,9.20E+00,,,,
521,-1.44E+00,7.00E+00,,,,
522,-1.20E+00,7.40E+00,,,,
523,1.12E+00,9.00E+00,,,,
524,1.12E+00,9.20E+00,,,,
525,-1.36E+00,7.40E+00,,,,
526,-1.04E+00,7.20E+00,,,,
527,1.12E+00,9.20E+00,,,,
528,-8.80E-01,9.20E+00,,,,
529,9.60E-01,7.00E+00,,,,
530,-8.00E-01,9.20E+00,,,,
531,1.28E+00,7.40E+00,,,,
532,1.36E+00,9.20E+00,,,,
533,-1.04E+00,7.40E+00,,,,
534,1.12E+00,9.00E+00,,,,
535,-1.20E+00,7.00E+00,,,,
536,-1.20E+00,7.20E+00,,,,
537,1.12E+00,9.00E+00,,,,
538,-1.12E+00,7.60E+00,,,,
539,9.60E-01,9.20E+00,,,,
540,1.28E+00,7.40E+00,,,,
541,-1.20E+00,9.40E+00,,,,
542,-1.28E+00,7.60E+00,,,,
543,1.28E+00,9.40E+00,,,,
544,-1.36E+00,7.20E+00,,,,
545,1.28E+00,9.40E+00,,,,
546,1.04E+00,9.40E+00,,,,
547,-1.20E+00,7.20E+00,,,,
548,-1.04E+00,7.20E+00,,,,
549,1.20E+00,9.40E+00,,,,
550,-1.12E+00,9.20E+00,,,,
551,8.80E-01,7.60E+00,,,,
552,1.04E+00,7.60E+00,,,,
553,-9.60E-01,9.40E+00,,,,
554,9.60E-01,9.00E+00,,,,
555,-1.36E+00,7.40E+00,,,,
556,9.60E-01,7.40E+00,,,,
557,-1.20E+00,9.60E+00,,,,
558,1.28E+00,7.80E+00,,,,
559,-1.28E+00,9.40E+00,,,,
560,-9.60E-01,7.40E+00,,,,
561,8.00E-01,9.60E+00,,,,
562,8.80E-01,9.40E+00,,,,
563,-1.12E+00,7.40E+00,,,,
564,1.04E+00,9.60E+00,,,,
565,-1.12E+00,7.60E+00,,,,
566,-8.80E-01,7.80E+00,,,,
567,8.80E-01,9.80E+00,,,,
568,-1.12E+00,7.80E+00,,,,
569,1.20E+00,9.60E+00,,,,
570,-8.00E-01,9.60E+00,,,,
571,9.60E-01,7.80E+00,,,,
572,9.60E-01,7.40E+00,,,,
573,-1.04E+00,9.80E+00,,,,
574,1.20E+00,7.40E+00,,,,
575,-1.04E+00,9.60E+00,,,,
576,-1.28E+00,7.80E+00,,,,
577,1.12E+00,9.80E+00,,,,
578,9.60E-01,9.80E+00,,,,
579,-1.04E+00,7.40E+00,,,,
580,1.12E+00,1.00E+01,,,,
581,-1.20E+00,7.60E+00,,,,
582,1.12E+00,7.60E+00,,,,
583,-1.44E+00,9.80E+00,,,,
584,8.80E-01,9.60E+00,,,,
585,-1.36E+00,7.60E+00,,,,
586,-1.04E+00,1.00E+01,,,,
587,1.28E+00,7.60E+00,,,,
588,6.40E-01,8.00E+00,,,,
589,-1.20E+00,1.00E+01,,,,
590,-9.60E-01,8.00E+00,,,,
591,1.20E+00,9.80E+00,,,,
592,-1.20E+00,8.00E+00,,,,
593,1.20E+00,1.00E+01,,,,
594,1.12E+00,1.00E+01,,,,
595,-9.60E-01,8.00E+00,,,,
596,1.28E+00,8.00E+00,,,,
597,-9.60E-01,1.00E+01,,,,
598,-1.20E+00,8.00E+00,,,,
599,9.60E-01,1.00E+01,,,,
600,1.28E+00,1.00E+01,,,,
601,-1.20E+00,7.60E+00,,,,
602,8.80E-01,9.80E+00,,,,
603,-8.80E-01,8.00E+00,,,,
604,1.04E+00,1.00E+01,,,,
605,-1.20E+00,8.00E+00,,,,
606,-1.04E+00,1.02E+01,,,,
607,8.80E-01,7.80E+00,,,,
608,-1.04E+00,1.04E+01,,,,
609,1.12E+00,8.20E+00,,,,
610,1.12E+00,1.04E+01,,,,
611,-1.04E+00,8.40E+00,,,,
612,-1.36E+00,1.02E+01,,,,
613,1.12E+00,7.80E+00,,,,
614,-1.52E+00,8.00E+00,,,,
615,1.28E+00,1.00E+01,,,,
616,9.60E-01,1.02E+01,,,,
617,-1.36E+00,8.00E+00,,,,
618,1.04E+00,1.00E+01,,,,
619,-1.04E+00,8.00E+00,,,,
620,-1.04E+00,8.20E+00,,,,
621,8.80E-01,1.04E+01,,,,
622,1.20E+00,8.20E+00,,,,
623,-1.04E+00,1.04E+01,,,,
624,8.80E-01,1.02E+01,,,,
625,-1.04E+00,8.20E+00,,,,
626,-1.36E+00,1.02E+01,,,,
627,7.20E-01,8.20E+00,,,,
628,8.80E-01,8.60E+00,,,,
629,-1.12E+00,1.02E+01,,,,
630,9.60E-01,8.60E+00,,,,
631,-7.20E-01,1.04E+01,,,,
632,-1.20E+00,8.40E+00,,,,
633,1.04E+00,1.02E+01,,,,
634,1.04E+00,1.06E+01,,,,
635,-1.04E+00,8.60E+00,,,,
636,8.80E-01,1.04E+01,,,,
637,-1.20E+00,8.20E+00,,,,
638,9.60E-01,1.02E+01,,,,
639,-8.00E-01,8.20E+00,,,,
640,-1.36E+00,8.00E+00,,,,
641,8.80E-01,1.02E+01,,,,
642,8.80E-01,8.60E+00,,,,
643,-1.12E+00,1.02E+01,,,,
644,9.60E-01,1.06E+01,,,,
645,-1.36E+00,8.20E+00,,,,
646,1.12E+00,8.60E+00,,,,
647,-8.00E-01,1.06E+01,,,,
648,1.12E+00,1.08E+01,,,,
649,-9.60E-01,8.40E+00,,,,
650,8.00E-01,8.60E+00,,,,
651,-1.36E+00,1.06E+01,,,,
652,1.04E+00,1.04E+01,,,,
653,-1.44E+00,8.40E+00,,,,
654,-1.12E+00,8.40E+00,,,,
655,1.20E+00,1.06E+01,,,,
656,9.60E-01,1.08E+01,,,,
657,-1.44E+00,8.40E+00,,,,
658,1.20E+00,1.04E+01,,,,
659,-1.04E+00,8.60E+00,,,,
660,-1.36E+00,1.02E+01,,,,
661,8.00E-01,8.40E+00,,,,
662,1.04E+00,1.06E+01,,,,
663,-8.80E-01,8.80E+00,,,,
664,-9.60E-01,8.80E+00,,,,
665,1.04E+00,1.08E+01,,,,
666,-1.04E+00,8.40E+00,,,,
667,8.80E-01,1.04E+01,,,,
668,1.04E+00,8.80E+00,,,,
669,-1.28E+00,1.06E+01,,,,
670,-9.60E-01,9.00E+00,,,,
671,1.04E+00,1.08E+01,,,,
672,-1.44E+00,1.04E+01,,,,
673,1.04E+00,8.80E+00,,,,
674,8.80E-01,1.08E+01,,,,
675,-1.04E+00,8.80E+00,,,,
676,-1.04E+00,1.10E+01,,,,
677,1.12E+00,8.80E+00,,,,
678,1.12E+00,1.08E+01,,,,
679,-1.60E+00,8.40E+00,,,,
680,1.12E+00,8.80E+00,,,,
681,-1.04E+00,1.08E+01,,,,
682,-8.80E-01,1.08E+01,,,,
683,1.20E+00,9.00E+00,,,,
684,9.60E-01,8.60E+00,,,,
685,-1.44E+00,1.10E+01,,,,
686,-1.28E+00,1.10E+01,,,,
687,1.20E+00,9.00E+00,,,,
688,1.12E+00,8.80E+00,,,,
689,-1.52E+00,1.08E+01,,,,
690,-1.44E+00,8.60E+00,,,,
691,1.20E+00,1.08E+01,,,,
692,-1.20E+00,9.20E+00,,,,
693,1.20E+00,1.10E+01,,,,
694,-1.04E+00,9.20E+00,,,,
695,8.00E-01,1.08E+01,,,,
696,-1.20E+00,1.10E+01,,,,
697,1.04E+00,8.80E+00,,,,
698,-1.12E+00,9.00E+00,,,,
699,8.00E-01,1.10E+01,,,,
700,1.20E+00,1.12E+01,,,,
701,-1.36E+00,9.00E+00,,,,
702,-8.80E-01,9.40E+00,,,,
703,1.04E+00,1.10E+01,,,,
704,-1.36E+00,1.10E+01,,,,
705,9.60E-01,8.80E+00,,,,
706,7.20E-01,1.12E+01,,,,
707,-1.12E+00,9.40E+00,,,,
708,1.12E+00,1.10E+01,,,,
709,-9.60E-01,9.20E+00,,,,
710,1.28E+00,1.12E+01,,,,
711,-1.44E+00,8.60E+00,,,,
712,-1.36E+00,1.10E+01,,,,
713,1.12E+00,9.20E+00,,,,
714,-1.12E+00,1.10E+01,,,,
715,8.80E-01,9.20E+00,,,,
716,1.04E+00,9.00E+00,,,,
717,-1.44E+00,1.14E+01,,,,
718,1.04E+00,1.14E+01,,,,
719,-9.60E-01,8.80E+00,,,,
720,8.80E-01,1.14E+01,,,,
721,-1.60E+00,9.00E+00,,,,
722,-1.20E+00,1.10E+01,,,,
723,8.80E-01,9.40E+00,,,,
724,-1.12E+00,9.60E+00,,,,
725,1.04E+00,1.14E+01,,,,
726,-9.60E-01,1.14E+01,,,,
727,8.80E-01,9.40E+00,,,,
728,-1.20E+00,1.12E+01,,,,
729,1.12E+00,9.40E+00,,,,
730,-8.80E-01,9.60E+00,,,,
731,1.20E+00,1.14E+01,,,,
732,-1.20E+00,1.14E+01,,,,
733,1.04E+00,9.60E+00,,,,
734,8.80E-01,9.20E+00,,,,
735,-1.52E+00,1.12E+01,,,,
736,1.12E+00,1.10E+01,,,,
737,-1.60E+00,9.00E+00,,,,
738,-1.20E+00,1.14E+01,,,,
739,1.12E+00,9.60E+00,,,,
740,1.12E+00,1.14E+01,,,,
741,-1.44E+00,9.20E+00,,,,
742,-1.12E+00,9.60E+00,,,,
743,1.12E+00,1.16E+01,,,,
744,-1.28E+00,9.60E+00,,,,
745,1.04E+00,1.14E+01,,,,
746,-1.52E+00,9.40E+00,,,,
747,1.20E+00,1.16E+01,,,,
748,9.60E-01,9.60E+00,,,,
749,-1.52E+00,1.16E+01,,,,
750,8.80E-01,1.14E+01,,,,
751,-1.28E+00,9.20E+00,,,,
752,-1.28E+00,9.80E+00,,,,
753,1.04E+00,1.14E+01,,,,
754,-1.12E+00,1.14E+01,,,,
755,1.20E+00,9.60E+00,,,,
756,1.20E+00,9.80E+00,,,,
757,-1.04E+00,1.14E+01,,,,
758,1.20E+00,1.18E+01,,,,
759,-1.28E+00,9.20E+00,,,,
760,9.60E-01,1.18E+01,,,,
761,-1.28E+00,9.60E+00,,,,
762,8.80E-01,9.40E+00,,,,
763,-1.36E+00,1.18E+01,,,,
764,8.00E-01,1.16E+01,,,,
765,-9.60E-01,9.60E+00,,,,
766,9.60E-01,1.18E+01,,,,
767,-1.60E+00,9.60E+00,,,,
768,-1.52E+00,1.16E+01,,,,
769,1.20E+00,9.40E+00,,,,
770,1.12E+00,1.18E+01,,,,
771,-1.04E+00,9.60E+00,,,,
772,1.04E+00,1.00E+01,,,,
773,-1.12E+00,1.18E+01,,,,
774,1.04E+00,1.14E+01,,,,
775,-1.52E+00,9.60E+00,,,,
776,-1.12E+00,1.16E+01,,,,
777,8.80E-01,9.80E+00,,,,
778,-1.04E+00,1.00E+01,,,,
779,8.80E-01,1.18E+01,,,,
780,9.60E-01,1.20E+01,,,,
781,-1.44E+00,9.60E+00,,,,
782,-8.80E-01,1.00E+01,,,,
783,1.12E+00,1.18E+01,,,,
784,-9.60E-01,1.20E+01,,,,
785,1.04E+00,9.40E+00,,,,
786,-1.36E+00,1.20E+01,,,,
787,8.80E-01,1.00E+01,,,,
788,-1.28E+00,1.00E+01,,,,
789,8.00E-01,1.20E+01,,,,
790,-1.28E+00,9.80E+00,,,,
791,1.04E+00,1.18E+01,,,,
792,-1.28E+00,1.20E+01,,,,
793,6.40E-01,9.80E+00,,,,
794,-1.04E+00,9.80E+00,,,,
795,8.80E-01,1.20E+01,,,,
796,-1.20E+00,1.20E+01,,,,
797,1.12E+00,9.60E+00,,,,
798,-1.28E+00,9.80E+00,,,,
799,1.04E+00,1.20E+01,,,,
800,1.04E+00,1.20E+01,,,,
801,-1.36E+00,9.80E+00,,,,
802,1.12E+00,1.20E+01,,,,
803,-1.44E+00,1.00E+01,,,,
804,-1.04E+00,1.02E+01,,,,
805,9.60E-01,1.22E+01,,,,
806,9.60E-01,1.22E+01,,,,
807,-1.52E+00,9.80E+00,,,,
808,-1.28E+00,1.02E+01,,,,
809,8.80E-01,1.24E+01,,,,
810,-1.60E+00,9.80E+00,,,,
811,9.60E-01,1.20E+01,,,,
812,9.60E-01,1.00E+01,,,,
813,-1.44E+00,1.22E+01,,,,
814,8.00E-01,1.00E+01,,,,
815,-1.52E+00,1.20E+01,,,,
816,-1.20E+00,1.00E+01,,,,
817,1.04E+00,1.22E+01,,,,
818,-1.12E+00,1.04E+01,,,,
819,1.12E+00,1.20E+01,,,,
820,-1.44E+00,1.22E+01,,,,
821,8.00E-01,1.02E+01,,,,
822,-1.60E+00,1.00E+01,,,,
823,1.12E+00,1.22E+01,,,,
824,1.04E+00,1.04E+01,,,,
825,-1.20E+00,1.24E+01,,,,
826,8.00E-01,1.22E+01,,,,
827,-1.52E+00,1.00E+01,,,,
828,9.60E-01,1.04E+01,,,,
829,-1.36E+00,1.22E+01,,,,
830,-1.60E+00,1.00E+01,,,,
831,8.80E-01,1.24E+01,,,,
832,9.60E-01,1.02E+01,,,,
833,-1.28E+00,1.24E+01,,,,
834,8.00E-01,1.04E+01,,,,
835,-1.36E+00,1.22E+01,,,,
836,-1.04E+00,1.26E+01,,,,
837,8.80E-01,1.04E+01,,,,
838,1.04E+00,1.24E+01,,,,
839,-1.36E+00,1.00E+01,,,,
840,-1.12E+00,1.06E+01,,,,
841,7.20E-01,1.22E+01,,,,
842,6.40E-01,1.06E+01,,,,
843,-1.12E+00,1.22E+01,,,,
844,-1.60E+00,1.02E+01,,,,
845,1.12E+00,1.22E+01,,,,
846,-1.28E+00,1.04E+01,,,,
847,1.04E+00,1.26E+01,,,,
848,8.00E-01,1.26E+01,,,,
849,-1.20E+00,1.02E+01,,,,
850,8.00E-01,1.08E+01,,,,
851,-1.52E+00,1.26E+01,,,,
852,9.60E-01,1.26E+01,,,,
853,-1.12E+00,1.04E+01,,,,
854,-1.12E+00,1.04E+01,,,,
855,1.04E+00,1.28E+01,,,,
856,-1.44E+00,1.06E+01,,,,
857,8.00E-01,1.26E+01,,,,
858,-8.00E-02,1.18E+01,,,,
859,-4.80E-01,1.12E+01,,,,
860,-4.00E-01,1.18E+01,,,,
861,-8.00E-02,1.12E+01,,,,
862,-8.00E-02,1.18E+01,,,,
863,-4.00E-01,1.14E+01,,,,
864,-4.00E-01,1.14E+01,,,,
865,-8.00E-02,1.18E+01,,,,
866,-4.00E-01,1.18E+01,,,,
867,-8.00E-02,1.14E+01,,,,
868,-4.00E-01,1.18E+01,,,,
869,-8.00E-02,1.14E+01,,,,
870,-4.00E-01,1.18E+01,,,,
871,-8.00E-02,1.14E+01,,,,
872,-8.00E-02,1.18E+01,,,,
873,-4.80E-01,1.14E+01,,,,
874,-8.00E-02,1.20E+01,,,,
875,-4.00E-01,1.14E+01,,,,
876,-8.00E-02,1.18E+01,,,,
877,-4.80E-01,1.14E+01,,,,
878,-8.00E-02,1.14E+01,,,,
879,-4.00E-01,1.20E+01,,,,
880,-8.00E-02,1.18E+01,,,,
881,-4.00E-01,1.14E+01,,,,
882,-8.00E-02,1.18E+01,,,,
883,-4.00E-01,1.14E+01,,,,
884,-8.00E-02,1.18E+01,,,,
885,-4.00E-01,1.14E+01,,,,
886,-8.00E-02,1.18E+01,,,,
887,-4.00E-01,1.14E+01,,,,
888,-8.00E-02,1.18E+01,,,,
889,-4.00E-01,1.14E+01,,,,
890,-8.00E-02,1.18E+01,,,,
891,-4.00E-01,1.12E+01,,,,
892,-4.00E-01,1.18E+01,,,,
893,-8.00E-02,1.14E+01,,,,
894,-8.00E-02,1.18E+01,,,,
895,-4.00E-01,1.16E+01,,,,
896,-4.00E-01,1.18E+01,,,,
897,0.00E+00,1.14E+01,,,,
898,-8.00E-02,1.18E+01,,,,
899,-4.00E-01,1.14E+01,,,,
900,-4.00E-01,1.14E+01,,,,
901,-8.00E-02,1.20E+01,,,,
902,-8.00E-02,1.18E+01,,,,
903,-4.00E-01,1.14E+01,,,,
904,-8.00E-02,1.18E+01,,,,
905,-4.00E-01,1.14E+01,,,,
906,-8.00E-02,1.18E+01,,,,
907,-4.00E-01,1.14E+01,,,,
908,-8.00E-02,1.18E+01,,,,
909,-4.00E-01,1.14E+01,,,,
910,-8.00E-02,1.18E+01,,,,
911,-4.00E-01,1.14E+01,,,,
912,-8.00E-02,1.20E+01,,,,
913,-4.00E-01,1.14E+01,,,,
914,-8.00E-02,1.18E+01,,,,
915,-4.00E-01,1.14E+01,,,,
916,-8.00E-02,1.16E+01,,,,
917,-4.00E-01,1.18E+01,,,,
918,-8.00E-02,1.18E+01,,,,
919,-4.00E-01,1.14E+01,,,,
920,-8.00E-02,1.18E+01,,,,
921,-4.00E-01,1.14E+01,,,,
922,-4.00E-01,1.18E+01,,,,
923,-8.00E-02,1.14E+01,,,,
924,-4.00E-01,1.18E+01,,,,
925,0.00E+00,1.14E+01,,,,
926,-4.00E-01,1.18E+01,,,,
927,-8.00E-02,1.14E+01,,,,
928,-4.00E-01,1.18E+01,,,,
929,-8.00E-02,1.14E+01,,,,
930,-4.00E-01,1.18E+01,,,,
931,-8.00E-02,1.14E+01,,,,
932,-8.00E-02,1.18E+01,,,,
933,-4.00E-01,1.12E+01,,,,
934,-8.00E-02,1.18E+01,,,,
935,-4.00E-01,1.14E+01,,,,
936,-8.00E-02,1.14E+01,,,,
937,-4.00E-01,1.20E+01,,,,
938,0.00E+00,1.14E+01,,,,
939,-4.00E-01,1.18E+01,,,,
940,-4.00E-01,1.14E+01,,,,
941,-8.00E-02,1.18E+01,,,,
942,-8.00E-02,1.18E+01,,,,
943,-4.00E-01,1.14E+01,,,,
944,-8.00E-02,1.18E+01,,,,
945,-4.00E-01,1.14E+01,,,,
946,-8.00E-02,1.18E+01,,,,
947,-4.00E-01,1.14E+01,,,,
948,-8.00E-02,1.18E+01,,,,
949,-4.00E-01,1.14E+01,,,,
950,-8.00E-02,1.18E+01,,,,
951,-4.00E-01,1.14E+01,,,,
952,-8.00E-02,1.18E+01,,,,
953,-4.00E-01,1.12E+01,,,,
954,-4.00E-01,1.18E+01,,,,
955,-8.00E-02,1.14E+01,,,,
956,-8.00E-02,1.18E+01,,,,
957,-4.00E-01,1.14E+01,,,,
958,-8.00E-02,1.18E+01,,,,
959,-4.00E-01,1.14E+01,,,,
960,-8.00E-02,1.14E+01,,,,
961,-4.00E-01,1.18E+01,,,,
962,-8.00E-02,1.14E+01,,,,
963,-4.00E-01,1.20E+01,,,,
964,-4.00E-01,1.18E+01,,,,
965,-8.00E-02,1.14E+01,,,,
966,-8.00E-02,1.18E+01,,,,
967,-4.00E-01,1.14E+01,,,,
968,-4.00E-01,1.18E+01,,,,
969,-8.00E-02,1.14E+01,,,,
970,-4.00E-01,1.18E+01,,,,
971,-8.00E-02,1.14E+01,,,,
972,-4.00E-01,1.18E+01,,,,
973,-8.00E-02,1.14E+01,,,,
974,-8.00E-02,1.18E+01,,,,
975,-4.00E-01,1.12E+01,,,,
976,-8.00E-02,1.18E+01,,,,
977,-4.00E-01,1.14E+01,,,,
978,-8.00E-02,1.18E+01,,,,
979,-4.00E-01,1.12E+01,,,,
980,-8.00E-02,1.18E+01,,,,
981,-4.00E-01,1.14E+01,,,,
982,-4.00E-01,1.18E+01,,,,
983,0.00E+00,1.14E+01,,,,
984,-4.00E-01,1.18E+01,,,,
985,-8.00E-02,1.14E+01,,,,
986,-4.00E-01,1.18E+01,,,,
987,-8.00E-02,1.14E+01,,,,
988,-8.00E-02,1.14E+01,,,,
989,-4.00E-01,1.18E+01,,,,
990,-8.00E-02,1.18E+01,,,,
991,-4.00E-01,1.14E+01,,,,
992,-4.00E-01,1.18E+01,,,,
993,-8.00E-02,1.14E+01,,,,
994,-8.00E-02,1.18E+01,,,,
995,-4.00E-01,1.14E+01,,,,
996,-4.00E-01,1.18E+01,,,,
997,-8.00E-02,1.12E+01,,,,
998,-8.00E-02,1.18E+01,,,,
999,-4.00E-01,1.12E+01,,,,
1000,-8.00E-02,1.14E+01,,,,
1001,-4.00E-01,1.20E+01,,,,
1002,-4.00E-01,1.18E+01,,,,
1003,-8.00E-02,1.14E+01,,,,
1004,-8.00E-02,1.18E+01,,,,
1005,-4.00E-01,1.14E+01,,,,
1006,-4.00E-01,1.18E+01,,,,
1007,-8.00E-02,1.14E+01,,,,
1008,-4.00E-01,1.18E+01,,,,
1009,-8.00E-02,1.14E+01,,,,
1010,-8.00E-02,1.14E+01,,,,
1011,-4.00E-01,1.20E+01,,,,
1012,-8.00E-02,1.18E+01,,,,
1013,-4.00E-01,1.14E+01,,,,
1014,0.00E+00,1.18E+01,,,,
1015,-4.00E-01,1.14E+01,,,,
1016,-8.00E-02,1.14E+01,,,,
1017,-4.00E-01,1.18E+01,,,,
1018,-8.00E-02,1.18E+01,,,,
1019,-4.00E-01,1.14E+01,,,,
1020,-4.00E-01,1.18E+01,,,,
1021,-8.00E-02,1.14E+01,,,,
1022,-4.00E-01,1.14E+01,,,,
1023,-8.00E-02,1.18E+01,,,,
1024,-8.00E-02,1.14E+01,,,,
1025,-4.00E-01,1.18E+01,,,,
1026,-8.00E-02,1.18E+01,,,,
1027,-4.00E-01,1.14E+01,,,,
1028,-4.00E-01,1.18E+01,,,,
1029,-8.00E-02,1.14E+01,,,,
1030,-4.00E-01,1.18E+01,,,,
1031,0.00E+00,1.14E+01,,,,
1032,-8.00E-02,1.18E+01,,,,
1033,-4.00E-01,1.14E+01,,,,
1034,-8.00E-02,1.18E+01,,,,
1035,-4.00E-01,1.14E+01,,,,
1036,-8.00E-02,1.14E+01,,,,
1037,-4.00E-01,1.18E+01,,,,
1038,-8.00E-02,1.18E+01,,,,
1039,-4.00E-01,1.14E+01,,,,
1040,-4.00E-01,1.18E+01,,,,
1041,0.00E+00,1.14E+01,,,,
1042,-4.00E-01,1.14E+01,,,,
1043,-8.00E-02,1.18E+01,,,,
1044,-8.00E-02,1.18E+01,,,,
1045,-4.00E-01,1.14E+01,,,,
1046,-4.00E-01,1.18E+01,,,,
1047,-8.00E-02,1.14E+01,,,,
1048,-8.00E-02,1.18E+01,,,,
1049,-4.00E-01,1.14E+01,,,,
1050,-4.00E-01,1.18E+01,,,,
1051,-8.00E-02,1.14E+01,,,,
1052,-4.00E-01,1.18E+01,,,,
1053,-8.00E-02,1.14E+01,,,,
1054,-4.00E-01,1.18E+01,,,,
1055,-8.00E-02,1.14E+01,,,,
1056,-8.00E-02,1.14E+01,,,,
1057,-4.00E-01,1.20E+01,,,,
1058,-8.00E-02,1.18E+01,,,,
1059,-4.00E-01,1.14E+01,,,,
1060,-4.00E-01,1.18E+01,,,,
1061,0.00E+00,1.14E+01,,,,
1062,-4.00E-01,1.18E+01,,,,
1063,-8.00E-02,1.12E+01,,,,
1064,-8.00E-02,1.18E+01,,,,
1065,-4.00E-01,1.14E+01,,,,
1066,-8.00E-02,1.18E+01,,,,
1067,-4.00E-01,1.14E+01,,,,
1068,-4.00E-01,1.14E+01,,,,
1069,-8.00E-02,1.20E+01,,,,
1070,-8.00E-02,1.14E+01,,,,
1071,-4.00E-01,1.18E+01,,,,
1072,-8.00E-02,1.18E+01,,,,
1073,-4.00E-01,1.12E+01,,,,
1074,-8.00E-02,1.18E+01,,,,
1075,-4.00E-01,1.14E+01,,,,
1076,-8.00E-02,1.14E+01,,,,
1077,-4.00E-01,1.18E+01,,,,
1078,-4.00E-01,1.18E+01,,,,
1079,-8.00E-02,1.14E+01,,,,
1080,-4.00E-01,1.14E+01,,,,
1081,-8.00E-02,1.18E+01,,,,
1082,-8.00E-02,1.18E+01,,,,
1083,-4.00E-01,1.14E+01,,,,
1084,-8.00E-02,1.18E+01,,,,
1085,-4.00E-01,1.14E+01,,,,
1086,-8.00E-02,1.14E+01,,,,
1087,-4.00E-01,1.20E+01,,,,
1088,-8.00E-02,1.18E+01,,,,
1089,-4.00E-01,1.14E+01,,,,
1090,-8.00E-02,1.14E+01,,,,
1091,-4.00E-01,1.20E+01,,,,
1092,-8.00E-02,1.18E+01,,,,
1093,-4.00E-01,1.14E+01,,,,
1094,-8.00E-02,1.18E+01,,,,
1095,-4.00E-01,1.12E+01,,,,
1096,-8.00E-02,1.14E+01,,,,
1097,-4.00E-01,1.18E+01,,,,
1098,-8.00E-02,1.18E+01,,,,
1099,-4.00E-01,1.14E+01,,,,
1100,-8.00E-02,1.18E+01,,,,
1101,-4.00E-01,1.12E+01,,,,
1102,-8.00E-02,1.18E+01,,,,
1103,-4.00E-01,1.12E+01,,,,
1104,-4.00E-01,1.14E+01,,,,
1105,-8.00E-02,1.20E+01,,,,
1106,-8.00E-02,1.18E+01,,,,
1107,-4.00E-01,1.14E+01,,,,
1108,-8.00E-02,1.18E+01,,,,
1109,-4.00E-01,1.12E+01,,,,
1110,-8.00E-02,1.18E+01,,,,
1111,-4.00E-01,1.14E+01,,,,
1112,-8.00E-02,1.14E+01,,,,
1113,-4.00E-01,1.20E+01,,,,
1114,-8.00E-02,1.14E+01,,,,
1115,-4.80E-01,1.20E+01,,,,
1116,-8.00E-02,1.14E+01,,,,
1117,-4.00E-01,1.18E+01,,,,
1118,-8.00E-02,1.18E+01,,,,
1119,-4.00E-01,1.14E+01,,,,
1120,-4.00E-01,1.18E+01,,,,
1121,0.00E+00,1.12E+01,,,,
1122,-8.00E-02,1.18E+01,,,,
1123,-4.00E-01,1.14E+01,,,,
1124,-8.00E-02,1.18E+01,,,,
1125,-4.00E-01,1.14E+01,,,,
1126,-8.00E-02,1.18E+01,,,,
1127,-4.00E-01,1.14E+01,,,,
1128,-4.00E-01,1.18E+01,,,,
1129,-8.00E-02,1.12E+01,,,,
1130,-8.00E-02,1.18E+01,,,,
1131,-4.00E-01,1.12E+01,,,,
1132,-8.00E-02,1.18E+01,,,,
1133,-4.00E-01,1.12E+01,,,,
1134,-8.00E-02,1.14E+01,,,,
1135,-4.00E-01,1.18E+01,,,,
1136,-4.00E-01,1.18E+01,,,,
1137,-8.00E-02,1.12E+01,,,,
1138,-8.00E-02,1.18E+01,,,,
1139,-4.00E-01,1.14E+01,,,,
1140,-8.00E-02,1.18E+01,,,,
1141,-4.00E-01,1.14E+01,,,,
1142,-8.00E-02,1.18E+01,,,,
1143,-4.00E-01,1.14E+01,,,,
1144,-8.00E-02,1.18E+01,,,,
1145,-4.00E-01,1.14E+01,,,,
1146,-8.00E-02,1.18E+01,,,,
1147,-4.00E-01,1.14E+01,,,,
1148,-4.00E-01,1.18E+01,,,,
1149,-8.00E-02,1.14E+01,,,,
1150,-4.00E-01,1.18E+01,,,,
1151,-8.00E-02,1.14E+01,,,,
1152,-4.00E-01,1.18E+01,,,,
1153,0.00E+00,1.14E+01,,,,
1154,-8.00E-02,1.18E+01,,,,
1155,-4.00E-01,1.14E+01,,,,
1156,-8.00E-02,1.18E+01,,,,
1157,-4.00E-01,1.14E+01,,,,
1158,-4.00E-01,1.18E+01,,,,
1159,-8.00E-02,1.14E+01,,,,
1160,-8.00E-02,1.14E+01,,,,
1161,-4.00E-01,1.18E+01,,,,
1162,-8.00E-02,1.18E+01,,,,
1163,-4.00E-01,1.14E+01,,,,
1164,-8.00E-02,1.18E+01,,,,
1165,-4.00E-01,1.14E+01,,,,
1166,-4.00E-01,1.18E+01,,,,
1167,-8.00E-02,1.14E+01,,,,
1168,-8.00E-02,1.18E+01,,,,
1169,-4.00E-01,1.14E+01,,,,
1170,-4.00E-01,1.18E+01,,,,
1171,-8.00E-02,1.14E+01,,,,
1172,-8.00E-02,1.18E+01,,,,
1173,-4.00E-01,1.14E+01,,,,
1174,-8.00E-02,1.18E+01,,,,
1175,-4.00E-01,1.14E+01,,,,
1176,-4.00E-01,1.18E+01,,,,
1177,0.00E+00,1.12E+01,,,,
1178,-8.00E-02,1.18E+01,,,,
1179,-4.00E-01,1.14E+01,,,,
1180,-8.00E-02,1.14E+01,,,,
1181,-4.80E-01,1.18E+01,,,,
1182,-8.00E-02,1.18E+01,,,,
1183,-4.00E-01,1.14E+01,,,,
1184,-8.00E-02,1.16E+01,,,,
1185,-4.00E-01,1.18E+01,,,,
1186,-4.00E-01,1.18E+01,,,,
1187,-8.00E-02,1.14E+01,,,,
1188,-4.00E-01,1.18E+01,,,,
1189,-8.00E-02,1.14E+01,,,,
1190,-4.00E-01,1.14E+01,,,,
1191,0.00E+00,1.20E+01,,,,
1192,-8.00E-02,1.18E+01,,,,
1193,-4.00E-01,1.14E+01,,,,
1194,-4.00E-01,1.18E+01,,,,
1195,-8.00E-02,1.14E+01,,,,
1196,-8.00E-02,1.18E+01,,,,
1197,-4.00E-01,1.12E+01,,,,
1198,-4.00E-01,1.18E+01,,,,
1199,-8.00E-02,1.14E+01,,,,
